day,t_min,ht_min,t_max,ht_max,Climatologica,Aritmetica,col_7,col_8,col_9,url,est,year,month,date
2.0,11.6,06:07,32.3,17:00,21.3,21.3,24,,,330020/2024/1,330020,2024,1,2024-01-02
3.0,13.7,06:40,30.9,16:36,22.6,22.6,24,,,330020/2024/1,330020,2024,1,2024-01-03
4.0,13.4,06:57,29.4,15:21,21.2,21.2,24,,,330020/2024/1,330020,2024,1,2024-01-04
5.0,13.4,06:43,25.3,15:58,19.5,19.5,24,,,330020/2024/1,330020,2024,1,2024-01-05
6.0,13.2,06:44,27.0,15:51,19.4,19.4,24,,,330020/2024/1,330020,2024,1,2024-01-06
7.0,12.2,06:47,30.4,16:33,20.7,20.7,24,,,330020/2024/1,330020,2024,1,2024-01-07
8.0,12.8,06:15,30.8,15:51,22.0,22.0,24,,,330020/2024/1,330020,2024,1,2024-01-08
9.0,11.8,06:16,30.7,15:25,21.6,21.6,24,,,330020/2024/1,330020,2024,1,2024-01-09
10.0,12.2,06:52,30.8,16:41,21.5,21.5,24,,,330020/2024/1,330020,2024,1,2024-01-10
11.0,15.6,06:46,31.1,16:29,22.4,22.4,24,,,330020/2024/1,330020,2024,1,2024-01-11
12.0,13.6,06:22,29.7,15:44,21.0,21.0,24,,,330020/2024/1,330020,2024,1,2024-01-12
13.0,11.2,07:25,28.0,16:18,19.6,19.6,24,,,330020/2024/1,330020,2024,1,2024-01-13
14.0,11.3,06:58,34.1,16:21,22.0,22.0,24,,,330020/2024/1,330020,2024,1,2024-01-14
15.0,13.3,07:17,31.3,15:12,23.5,23.5,24,,,330020/2024/1,330020,2024,1,2024-01-15
16.0,11.2,06:42,32.1,17:24,20.7,20.7,24,,,330020/2024/1,330020,2024,1,2024-01-16
17.0,14.0,07:15,32.2,14:46,22.8,22.8,24,,,330020/2024/1,330020,2024,1,2024-01-17
18.0,13.9,06:28,32.9,17:15,22.5,22.5,24,,,330020/2024/1,330020,2024,1,2024-01-18
19.0,14.0,06:57,34.6,16:13,24.4,24.4,24,,,330020/2024/1,330020,2024,1,2024-01-19
20.0,14.7,05:29,32.1,16:32,23.6,23.6,24,,,330020/2024/1,330020,2024,1,2024-01-20
21.0,14.2,06:14,33.9,16:24,23.6,23.6,24,,,330020/2024/1,330020,2024,1,2024-01-21
22.0,15.0,07:19,34.9,15:43,24.9,24.9,24,,,330020/2024/1,330020,2024,1,2024-01-22
23.0,15.2,06:50,30.9,17:15,22.9,22.9,24,,,330020/2024/1,330020,2024,1,2024-01-23
24.0,15.0,06:03,36.7,15:44,24.6,24.6,24,,,330020/2024/1,330020,2024,1,2024-01-24
25.0,16.9,06:38,32.0,14:45,24.3,24.3,24,,,330020/2024/1,330020,2024,1,2024-01-25
26.0,14.5,06:59,30.9,17:18,21.3,21.3,24,,,330020/2024/1,330020,2024,1,2024-01-26
27.0,15.6,07:31,34.0,15:46,24.1,24.1,24,,,330020/2024/1,330020,2024,1,2024-01-27
28.0,17.0,07:48,30.6,16:01,23.7,23.7,24,,,330020/2024/1,330020,2024,1,2024-01-28
29.0,15.0,06:15,33.3,15:17,23.4,23.4,24,,,330020/2024/1,330020,2024,1,2024-01-29
30.0,15.0,06:21,35.1,16:05,24.5,24.5,24,,,330020/2024/1,330020,2024,1,2024-01-30
31.0,15.1,07:20,37.3,16:07,26.1,26.1,24,,,330020/2024/1,330020,2024,1,2024-01-31
1.0,15.8,07:03,35.5,15:33,26.2,26.2,24,,,330020/2024/2,330020,2024,2,2024-02-01
2.0,15.4,07:13,35.5,16:42,25.4,25.4,24,,,330020/2024/2,330020,2024,2,2024-02-02
3.0,16.1,07:13,36.1,16:31,26.7,26.7,24,,,330020/2024/2,330020,2024,2,2024-02-03
4.0,15.3,06:42,30.8,14:04,23.7,23.7,24,,,330020/2024/2,330020,2024,2,2024-02-04
5.0,14.3,07:27,33.1,17:05,22.7,22.7,24,,,330020/2024/2,330020,2024,2,2024-02-05
6.0,15.5,07:15,32.7,15:32,24.3,24.3,24,,,330020/2024/2,330020,2024,2,2024-02-06
7.0,14.7,07:12,35.0,16:14,24.3,24.3,24,,,330020/2024/2,330020,2024,2,2024-02-07
8.0,17.6,06:53,33.7,15:36,25.2,25.2,24,,,330020/2024/2,330020,2024,2,2024-02-08
9.0,15.5,06:49,31.6,15:22,23.1,23.1,24,,,330020/2024/2,330020,2024,2,2024-02-09
10.0,13.8,07:11,32.9,15:17,23.1,23.1,24,,,330020/2024/2,330020,2024,2,2024-02-10
11.0,14.0,07:27,30.4,16:32,22.8,22.8,24,,,330020/2024/2,330020,2024,2,2024-02-11
12.0,14.4,07:13,34.5,18:01,23.0,23.0,24,,,330020/2024/2,330020,2024,2,2024-02-12
13.0,15.6,07:02,31.3,15:53,24.2,24.2,24,,,330020/2024/2,330020,2024,2,2024-02-13
14.0,13.7,06:17,31.2,17:22,20.7,20.7,24,,,330020/2024/2,330020,2024,2,2024-02-14
15.0,14.1,07:29,33.1,16:10,22.2,22.2,24,,,330020/2024/2,330020,2024,2,2024-02-15
16.0,15.1,06:52,29.9,14:42,21.9,21.9,24,,,330020/2024/2,330020,2024,2,2024-02-16
17.0,14.5,07:34,33.3,17:46,23.1,23.1,24,,,330020/2024/2,330020,2024,2,2024-02-17
18.0,15.1,07:49,34.2,15:51,24.7,24.7,24,,,330020/2024/2,330020,2024,2,2024-02-18
19.0,14.3,08:20,27.4,15:59,20.5,20.5,24,,,330020/2024/2,330020,2024,2,2024-02-19
20.0,14.6,07:07,29.6,16:07,20.4,20.4,24,,,330020/2024/2,330020,2024,2,2024-02-20
21.0,14.2,07:07,29.7,16:04,20.3,20.3,24,,,330020/2024/2,330020,2024,2,2024-02-21
22.0,14.0,17:52,19.2,21:00,16.2,16.2,24,,,330020/2024/2,330020,2024,2,2024-02-22
23.0,11.7,06:32,30.0,17:27,18.7,18.7,24,,,330020/2024/2,330020,2024,2,2024-02-23
24.0,13.9,07:25,31.6,17:06,22.5,22.5,24,,,330020/2024/2,330020,2024,2,2024-02-24
25.0,13.6,07:04,31.3,16:56,22.3,22.3,24,,,330020/2024/2,330020,2024,2,2024-02-25
26.0,13.3,07:41,31.9,16:06,21.8,21.8,24,,,330020/2024/2,330020,2024,2,2024-02-26
27.0,13.6,06:28,31.7,16:24,22.6,22.6,24,,,330020/2024/2,330020,2024,2,2024-02-27
28.0,12.9,06:52,32.5,17:31,22.0,22.0,24,,,330020/2024/2,330020,2024,2,2024-02-28
29.0,13.7,06:57,33.5,17:09,23.4,23.4,24,,,330020/2024/2,330020,2024,2,2024-02-29
1.0,13.3,06:34,30.9,16:10,22.3,22.3,24,,,330020/2024/3,330020,2024,3,2024-03-01
2.0,13.9,07:50,31.3,16:53,21.8,21.8,24,,,330020/2024/3,330020,2024,3,2024-03-02
3.0,12.5,07:14,31.1,15:21,22.1,22.1,24,,,330020/2024/3,330020,2024,3,2024-03-03
4.0,12.6,07:34,32.7,15:49,22.3,22.3,24,,,330020/2024/3,330020,2024,3,2024-03-04
5.0,12.2,06:42,31.1,16:56,21.6,21.6,24,,,330020/2024/3,330020,2024,3,2024-03-05
6.0,12.7,06:42,30.3,17:11,21.0,21.0,24,,,330020/2024/3,330020,2024,3,2024-03-06
7.0,11.7,06:45,28.6,16:24,19.9,19.9,24,,,330020/2024/3,330020,2024,3,2024-03-07
8.0,9.8,07:11,28.9,18:31,18.4,18.4,24,,,330020/2024/3,330020,2024,3,2024-03-08
9.0,10.5,07:59,31.8,16:00,20.0,20.0,24,,,330020/2024/3,330020,2024,3,2024-03-09
10.0,11.9,07:00,30.3,17:37,20.7,20.7,24,,,330020/2024/3,330020,2024,3,2024-03-10
11.0,11.3,06:51,28.7,15:47,19.4,19.4,24,,,330020/2024/3,330020,2024,3,2024-03-11
12.0,9.9,07:21,28.8,16:22,18.4,18.4,24,,,330020/2024/3,330020,2024,3,2024-03-12
13.0,11.6,06:33,29.5,16:23,19.8,19.8,24,,,330020/2024/3,330020,2024,3,2024-03-13
14.0,10.5,06:42,29.7,16:00,20.0,20.0,24,,,330020/2024/3,330020,2024,3,2024-03-14
15.0,10.6,06:32,29.9,16:56,19.7,19.7,24,,,330020/2024/3,330020,2024,3,2024-03-15
16.0,9.6,07:44,29.7,16:50,19.3,19.3,24,,,330020/2024/3,330020,2024,3,2024-03-16
17.0,10.1,08:11,30.1,15:32,19.9,19.9,24,,,330020/2024/3,330020,2024,3,2024-03-17
18.0,10.9,06:07,31.5,17:15,20.5,20.5,24,,,330020/2024/3,330020,2024,3,2024-03-18
19.0,12.4,07:43,28.9,14:02,20.5,20.5,24,,,330020/2024/3,330020,2024,3,2024-03-19
20.0,11.8,05:50,19.8,21:00,15.6,15.6,24,,,330020/2024/3,330020,2024,3,2024-03-20
21.0,11.6,07:35,31.0,16:40,19.9,19.9,24,,,330020/2024/3,330020,2024,3,2024-03-21
22.0,12.5,07:49,32.4,15:21,21.8,21.8,24,,,330020/2024/3,330020,2024,3,2024-03-22
23.0,11.7,07:57,30.7,16:43,21.5,21.5,24,,,330020/2024/3,330020,2024,3,2024-03-23
24.0,12.5,07:19,32.4,16:34,21.9,21.9,24,,,330020/2024/3,330020,2024,3,2024-03-24
25.0,13.2,06:56,30.2,14:35,21.5,21.5,24,,,330020/2024/3,330020,2024,3,2024-03-25
26.0,12.2,06:05,30.6,16:17,20.0,20.0,24,,,330020/2024/3,330020,2024,3,2024-03-26
27.0,13.5,07:55,30.4,17:15,21.5,21.5,24,,,330020/2024/3,330020,2024,3,2024-03-27
28.0,13.5,07:32,30.4,16:09,21.6,21.6,24,,,330020/2024/3,330020,2024,3,2024-03-28
29.0,12.3,07:54,32.1,16:26,20.9,20.9,24,,,330020/2024/3,330020,2024,3,2024-03-29
30.0,13.8,06:30,31.9,16:18,21.9,21.9,24,,,330020/2024/3,330020,2024,3,2024-03-30
31.0,13.0,08:09,29.7,14:23,20.8,20.8,24,,,330020/2024/3,330020,2024,3,2024-03-31
1.0,14.4,06:50,26.5,16:35,19.8,19.8,24,,,330020/2024/4,330020,2024,4,2024-04-01
2.0,10.0,09:00,24.5,12:33,17.2,17.2,24,,,330020/2024/4,330020,2024,4,2024-04-02
3.0,13.9,04:48,19.9,14:12,16.6,16.6,24,,,330020/2024/4,330020,2024,4,2024-04-03
4.0,10.5,06:11,27.3,17:00,17.7,17.7,24,,,330020/2024/4,330020,2024,4,2024-04-04
5.0,9.9,07:43,29.2,16:01,18.5,18.5,24,,,330020/2024/4,330020,2024,4,2024-04-05
6.0,9.7,06:46,26.4,17:03,17.8,17.8,24,,,330020/2024/4,330020,2024,4,2024-04-06
7.0,9.3,06:22,29.2,14:32,18.3,18.3,24,,,330020/2024/4,330020,2024,4,2024-04-07
8.0,9.3,07:23,26.6,14:27,18.1,18.1,24,,,330020/2024/4,330020,2024,4,2024-04-08
9.0,9.6,06:23,28.2,15:14,17.8,17.8,24,,,330020/2024/4,330020,2024,4,2024-04-09
10.0,10.6,06:59,27.8,14:08,18.6,18.6,24,,,330020/2024/4,330020,2024,4,2024-04-10
11.0,10.0,03:15,20.5,14:26,14.9,14.9,24,,,330020/2024/4,330020,2024,4,2024-04-11
12.0,11.3,05:45,16.5,12:28,13.7,13.7,24,,,330020/2024/4,330020,2024,4,2024-04-12
13.0,8.8,00:43,20.0,15:51,12.7,12.7,24,,,330020/2024/4,330020,2024,4,2024-04-13
14.0,7.7,06:56,22.5,16:47,14.8,14.8,24,,,330020/2024/4,330020,2024,4,2024-04-14
15.0,11.9,07:30,18.2,16:00,14.8,14.8,24,,,330020/2024/4,330020,2024,4,2024-04-15
16.0,8.0,02:34,24.7,15:40,14.8,14.8,24,,,330020/2024/4,330020,2024,4,2024-04-16
17.0,7.0,05:09,29.2,15:55,16.0,16.0,24,,,330020/2024/4,330020,2024,4,2024-04-17
18.0,9.0,05:24,32.1,14:54,17.9,17.9,24,,,330020/2024/4,330020,2024,4,2024-04-18
19.0,10.4,06:53,24.8,15:56,17.5,17.5,24,,,330020/2024/4,330020,2024,4,2024-04-19
20.0,11.6,07:20,22.3,14:05,16.2,16.2,24,,,330020/2024/4,330020,2024,4,2024-04-20
21.0,12.4,07:31,17.6,16:12,14.8,14.8,24,,,330020/2024/4,330020,2024,4,2024-04-21
22.0,8.2,07:03,21.6,13:04,14.3,14.3,24,,,330020/2024/4,330020,2024,4,2024-04-22
23.0,10.3,00:02,24.9,15:45,16.0,16.0,24,,,330020/2024/4,330020,2024,4,2024-04-23
24.0,7.1,07:25,24.2,14:30,14.3,14.3,24,,,330020/2024/4,330020,2024,4,2024-04-24
25.0,3.9,07:02,22.8,15:07,12.6,12.6,24,,,330020/2024/4,330020,2024,4,2024-04-25
26.0,6.4,07:07,20.6,15:56,13.4,13.4,24,,,330020/2024/4,330020,2024,4,2024-04-26
27.0,6.2,06:29,20.7,15:38,13.2,13.2,24,,,330020/2024/4,330020,2024,4,2024-04-27
28.0,6.3,05:05,15.1,16:15,10.3,10.3,24,,,330020/2024/4,330020,2024,4,2024-04-28
29.0,6.4,22:12,19.6,14:38,12.0,12.0,24,,,330020/2024/4,330020,2024,4,2024-04-29
30.0,10.5,05:22,18.0,15:01,13.6,13.6,24,,,330020/2024/4,330020,2024,4,2024-04-30
1.0,9.0,19:59,15.0,13:14,12.0,12.0,24,,,330020/2024/5,330020,2024,5,2024-05-01
2.0,1.8,07:13,14.8,14:46,7.8,7.8,24,,,330020/2024/5,330020,2024,5,2024-05-02
3.0,2.4,07:10,17.8,15:04,10.0,10.0,24,,,330020/2024/5,330020,2024,5,2024-05-03
4.0,5.1,08:22,20.4,14:18,11.4,11.4,24,,,330020/2024/5,330020,2024,5,2024-05-04
5.0,5.4,07:23,17.1,16:04,10.5,10.5,24,,,330020/2024/5,330020,2024,5,2024-05-05
6.0,4.2,03:30,17.7,14:36,9.9,9.9,24,,,330020/2024/5,330020,2024,5,2024-05-06
7.0,2.5,04:44,10.2,20:02,6.1,6.1,24,,,330020/2024/5,330020,2024,5,2024-05-07
8.0,-0.3,06:51,15.6,15:22,6.0,6.0,24,,,330020/2024/5,330020,2024,5,2024-05-08
9.0,0.9,06:54,18.4,14:48,7.9,7.9,24,,,330020/2024/5,330020,2024,5,2024-05-09
10.0,2.7,06:47,12.6,11:55,7.5,7.5,24,,,330020/2024/5,330020,2024,5,2024-05-10
11.0,1.2,07:37,15.2,15:04,7.2,7.2,24,,,330020/2024/5,330020,2024,5,2024-05-11
12.0,2.7,07:52,14.7,14:33,8.2,8.2,24,,,330020/2024/5,330020,2024,5,2024-05-12
13.0,0.1,07:07,16.4,15:08,7.0,7.0,24,,,330020/2024/5,330020,2024,5,2024-05-13
14.0,0.0,07:31,17.3,15:21,6.9,6.9,24,,,330020/2024/5,330020,2024,5,2024-05-14
15.0,3.8,04:39,11.8,14:19,6.3,6.3,24,,,330020/2024/5,330020,2024,5,2024-05-15
16.0,-1.1,07:19,15.4,14:55,5.5,5.5,24,,,330020/2024/5,330020,2024,5,2024-05-16
17.0,0.5,03:46,15.4,14:58,6.6,6.6,24,,,330020/2024/5,330020,2024,5,2024-05-17
18.0,-0.3,07:26,16.5,16:00,6.8,6.8,24,,,330020/2024/5,330020,2024,5,2024-05-18
19.0,-0.3,08:03,18.0,14:17,7.5,7.5,24,,,330020/2024/5,330020,2024,5,2024-05-19
20.0,7.8,14:33,11.0,21:54,9.2,9.2,24,,,330020/2024/5,330020,2024,5,2024-05-20
21.0,8.3,04:21,15.5,14:58,10.0,10.0,24,,,330020/2024/5,330020,2024,5,2024-05-21
22.0,9.0,03:49,10.6,20:00,9.0,9.0,24,,,330020/2024/5,330020,2024,5,2024-05-22
23.0,4.8,07:37,13.8,15:29,7.8,7.8,24,,,330020/2024/5,330020,2024,5,2024-05-23
24.0,2.4,04:35,13.8,15:44,7.1,7.1,24,,,330020/2024/5,330020,2024,5,2024-05-24
25.0,7.9,03:50,16.9,14:25,10.7,10.7,24,,,330020/2024/5,330020,2024,5,2024-05-25
26.0,6.9,20:00,16.1,15:03,10.4,10.4,24,,,330020/2024/5,330020,2024,5,2024-05-26
27.0,2.4,06:16,15.9,14:42,8.0,8.0,24,,,330020/2024/5,330020,2024,5,2024-05-27
28.0,3.4,05:16,21.4,13:54,10.5,10.5,24,,,330020/2024/5,330020,2024,5,2024-05-28
29.0,7.4,00:00,19.4,16:01,11.3,11.3,24,,,330020/2024/5,330020,2024,5,2024-05-29
30.0,5.6,08:10,22.5,14:31,11.8,11.8,24,,,330020/2024/5,330020,2024,5,2024-05-30
31.0,4.4,06:18,16.8,13:49,9.7,9.7,24,,,330020/2024/5,330020,2024,5,2024-05-31
1.0,2.9,07:39,20.1,15:13,9.7,9.7,24,,,330020/2024/6,330020,2024,6,2024-06-01
2.0,8.7,08:04,20.1,15:33,12.1,12.1,24,,,330020/2024/6,330020,2024,6,2024-06-02
3.0,9.8,05:18,17.4,11:18,12.6,12.6,24,,,330020/2024/6,330020,2024,6,2024-06-03
4.0,7.0,04:12,15.9,12:58,11.6,11.6,24,,,330020/2024/6,330020,2024,6,2024-06-04
5.0,9.6,07:39,17.5,13:38,12.1,12.1,24,,,330020/2024/6,330020,2024,6,2024-06-05
6.0,7.3,06:10,15.9,14:27,11.2,11.2,24,,,330020/2024/6,330020,2024,6,2024-06-06
7.0,6.7,07:50,21.3,14:44,12.6,12.6,24,,,330020/2024/6,330020,2024,6,2024-06-07
8.0,8.9,06:17,16.7,14:12,11.7,11.7,24,,,330020/2024/6,330020,2024,6,2024-06-08
9.0,6.7,05:29,13.6,20:16,9.5,9.5,24,,,330020/2024/6,330020,2024,6,2024-06-09
10.0,7.4,05:46,14.8,15:04,10.0,10.0,24,,,330020/2024/6,330020,2024,6,2024-06-10
11.0,9.1,05:10,12.8,12:53,10.7,10.7,24,,,330020/2024/6,330020,2024,6,2024-06-11
12.0,8.1,05:05,13.5,15:06,10.0,10.0,24,,,330020/2024/6,330020,2024,6,2024-06-12
13.0,8.5,18:12,11.8,20:42,10.1,10.1,24,,,330020/2024/6,330020,2024,6,2024-06-13
14.0,7.0,07:37,15.3,13:20,9.7,9.7,24,,,330020/2024/6,330020,2024,6,2024-06-14
15.0,3.6,03:52,16.1,13:50,8.5,8.5,24,,,330020/2024/6,330020,2024,6,2024-06-15
16.0,2.4,06:21,16.9,15:09,8.1,8.1,24,,,330020/2024/6,330020,2024,6,2024-06-16
17.0,3.0,06:03,11.8,14:10,7.3,7.3,24,,,330020/2024/6,330020,2024,6,2024-06-17
18.0,8.2,05:06,12.3,14:54,9.6,9.6,24,,,330020/2024/6,330020,2024,6,2024-06-18
19.0,7.2,08:39,16.8,15:45,10.7,10.7,24,,,330020/2024/6,330020,2024,6,2024-06-19
20.0,6.7,06:30,11.9,13:27,8.7,8.7,24,,,330020/2024/6,330020,2024,6,2024-06-20
21.0,6.2,19:22,9.9,04:48,7.9,7.9,24,,,330020/2024/6,330020,2024,6,2024-06-21
22.0,5.0,00:50,8.4,08:00,7.1,7.1,24,,,330020/2024/6,330020,2024,6,2024-06-22
23.0,5.1,08:02,10.4,14:24,7.2,7.2,24,,,330020/2024/6,330020,2024,6,2024-06-23
24.0,6.0,07:39,10.3,14:29,7.7,7.7,24,,,330020/2024/6,330020,2024,6,2024-06-24
25.0,4.3,20:00,12.6,15:25,7.5,7.5,24,,,330020/2024/6,330020,2024,6,2024-06-25
26.0,0.0,05:57,15.6,15:42,5.6,5.6,24,,,330020/2024/6,330020,2024,6,2024-06-26
27.0,2.4,06:47,19.2,15:25,8.5,8.5,24,,,330020/2024/6,330020,2024,6,2024-06-27
28.0,3.4,04:11,17.0,15:23,8.6,8.6,24,,,330020/2024/6,330020,2024,6,2024-06-28
29.0,2.6,05:35,17.9,16:12,7.6,7.6,24,,,330020/2024/6,330020,2024,6,2024-06-29
30.0,2.8,07:31,21.5,15:26,9.6,9.6,24,,,330020/2024/6,330020,2024,6,2024-06-30
1.0,2.1,07:33,22.7,15:54,9.9,9.9,24,,,330020/2024/7,330020,2024,7,2024-07-01
2.0,2.7,07:40,20.9,15:09,9.9,9.9,24,,,330020/2024/7,330020,2024,7,2024-07-02
3.0,5.4,07:40,18.9,14:27,10.5,10.5,24,,,330020/2024/7,330020,2024,7,2024-07-03
4.0,2.5,07:05,14.2,15:45,7.7,7.7,24,,,330020/2024/7,330020,2024,7,2024-07-04
5.0,-0.8,07:09,18.5,16:12,6.1,6.1,24,,,330020/2024/7,330020,2024,7,2024-07-05
6.0,0.1,07:40,15.3,15:33,6.3,6.3,24,,,330020/2024/7,330020,2024,7,2024-07-06
7.0,-1.3,07:20,16.0,15:04,5.3,5.3,24,,,330020/2024/7,330020,2024,7,2024-07-07
8.0,-0.9,06:35,17.5,15:06,5.7,5.7,24,,,330020/2024/7,330020,2024,7,2024-07-08
9.0,-0.6,08:09,13.5,14:34,5.2,5.2,24,,,330020/2024/7,330020,2024,7,2024-07-09
10.0,2.5,19:15,10.2,15:45,5.7,5.7,24,,,330020/2024/7,330020,2024,7,2024-07-10
11.0,-1.0,05:24,13.5,15:34,4.6,4.6,24,,,330020/2024/7,330020,2024,7,2024-07-11
12.0,-1.5,07:26,17.3,14:32,5.8,5.8,24,,,330020/2024/7,330020,2024,7,2024-07-12
13.0,-1.4,07:36,17.9,15:15,6.0,6.0,24,,,330020/2024/7,330020,2024,7,2024-07-13
14.0,-1.2,07:20,18.2,15:32,6.5,6.5,24,,,330020/2024/7,330020,2024,7,2024-07-14
15.0,-0.8,07:40,19.2,13:29,6.7,6.7,24,,,330020/2024/7,330020,2024,7,2024-07-15
16.0,2.3,06:56,21.6,15:26,9.8,9.8,24,,,330020/2024/7,330020,2024,7,2024-07-16
17.0,2.2,07:03,20.8,14:44,9.8,9.8,24,,,330020/2024/7,330020,2024,7,2024-07-17
18.0,6.6,03:36,14.7,13:29,10.5,10.5,24,,,330020/2024/7,330020,2024,7,2024-07-18
19.0,5.8,06:58,17.7,15:05,10.2,10.2,24,,,330020/2024/7,330020,2024,7,2024-07-19
20.0,2.5,07:33,14.8,14:26,7.5,7.5,24,,,330020/2024/7,330020,2024,7,2024-07-20
21.0,7.6,20:01,16.4,14:17,10.1,10.1,24,,,330020/2024/7,330020,2024,7,2024-07-21
22.0,1.5,07:37,20.5,16:08,9.1,9.1,24,,,330020/2024/7,330020,2024,7,2024-07-22
23.0,3.1,06:01,11.5,15:25,7.6,7.6,24,,,330020/2024/7,330020,2024,7,2024-07-23
24.0,2.1,07:28,19.8,16:02,8.5,8.5,24,,,330020/2024/7,330020,2024,7,2024-07-24
25.0,2.4,04:35,19.5,15:43,9.4,9.4,24,,,330020/2024/7,330020,2024,7,2024-07-25
26.0,1.8,07:16,15.1,14:44,7.8,7.8,24,,,330020/2024/7,330020,2024,7,2024-07-26
27.0,1.2,06:36,18.4,16:13,8.2,8.2,24,,,330020/2024/7,330020,2024,7,2024-07-27
28.0,-0.3,07:22,19.5,15:33,7.8,7.8,24,,,330020/2024/7,330020,2024,7,2024-07-28
29.0,1.8,06:22,25.6,14:48,10.4,10.4,24,,,330020/2024/7,330020,2024,7,2024-07-29
30.0,8.7,00:21,16.6,14:14,11.4,11.4,24,,,330020/2024/7,330020,2024,7,2024-07-30
31.0,9.0,04:15,12.9,15:45,10.5,10.5,24,,,330020/2024/7,330020,2024,7,2024-07-31
1.0,7.6,07:07,11.0,20:00,9.6,9.6,24,,,330020/2024/8,330020,2024,8,2024-08-01
2.0,6.4,09:14,16.1,01:15,9.1,9.1,24,,,330020/2024/8,330020,2024,8,2024-08-02
3.0,4.1,06:43,16.0,15:51,8.5,8.5,24,,,330020/2024/8,330020,2024,8,2024-08-03
4.0,6.0,06:25,16.8,15:29,9.6,9.6,24,,,330020/2024/8,330020,2024,8,2024-08-04
5.0,7.1,19:43,12.0,20:02,8.7,8.7,24,,,330020/2024/8,330020,2024,8,2024-08-05
6.0,4.3,07:49,12.5,15:53,7.7,7.7,24,,,330020/2024/8,330020,2024,8,2024-08-06
7.0,2.0,03:42,12.1,14:35,6.6,6.6,24,,,330020/2024/8,330020,2024,8,2024-08-07
8.0,-0.7,07:17,16.0,15:55,6.6,6.6,24,,,330020/2024/8,330020,2024,8,2024-08-08
9.0,-0.2,07:20,20.5,15:09,8.0,8.0,24,,,330020/2024/8,330020,2024,8,2024-08-09
10.0,3.0,07:38,21.1,15:46,10.6,10.6,24,,,330020/2024/8,330020,2024,8,2024-08-10
11.0,3.0,07:28,22.9,15:23,10.8,10.8,24,,,330020/2024/8,330020,2024,8,2024-08-11
12.0,4.4,07:07,25.8,14:54,13.0,13.0,24,,,330020/2024/8,330020,2024,8,2024-08-12
13.0,6.0,07:26,23.5,13:40,13.2,13.2,24,,,330020/2024/8,330020,2024,8,2024-08-13
14.0,8.9,05:54,14.8,15:07,11.2,11.2,24,,,330020/2024/8,330020,2024,8,2024-08-14
15.0,5.7,03:41,15.5,15:43,10.1,10.1,24,,,330020/2024/8,330020,2024,8,2024-08-15
16.0,7.0,00:28,13.5,14:51,10.2,10.2,24,,,330020/2024/8,330020,2024,8,2024-08-16
17.0,6.0,07:19,17.0,14:22,10.2,10.2,24,,,330020/2024/8,330020,2024,8,2024-08-17
18.0,5.7,06:54,12.1,12:59,9.0,9.0,24,,,330020/2024/8,330020,2024,8,2024-08-18
19.0,5.0,06:25,11.7,15:25,8.0,8.0,24,,,330020/2024/8,330020,2024,8,2024-08-19
20.0,5.4,20:00,11.2,15:06,7.8,7.8,24,,,330020/2024/8,330020,2024,8,2024-08-20
21.0,1.1,06:02,13.9,14:29,6.9,6.9,24,,,330020/2024/8,330020,2024,8,2024-08-21
22.0,0.7,07:26,13.0,14:03,7.4,7.4,24,,,330020/2024/8,330020,2024,8,2024-08-22
23.0,2.7,04:26,12.8,15:38,7.7,7.7,24,,,330020/2024/8,330020,2024,8,2024-08-23
24.0,-0.9,07:21,20.5,15:57,7.5,7.5,24,,,330020/2024/8,330020,2024,8,2024-08-24
25.0,2.9,05:24,23.4,15:54,11.4,11.4,24,,,330020/2024/8,330020,2024,8,2024-08-25
26.0,1.8,06:48,19.9,14:50,10.2,10.2,24,,,330020/2024/8,330020,2024,8,2024-08-26
27.0,2.2,06:03,21.9,15:45,10.5,10.5,24,,,330020/2024/8,330020,2024,8,2024-08-27
28.0,4.1,07:36,16.2,13:58,10.2,10.2,24,,,330020/2024/8,330020,2024,8,2024-08-28
29.0,7.6,00:01,9.7,17:15,8.4,8.4,24,,,330020/2024/8,330020,2024,8,2024-08-29
30.0,7.7,05:29,16.1,14:59,10.3,10.3,24,,,330020/2024/8,330020,2024,8,2024-08-30
31.0,2.1,07:15,22.5,16:01,10.5,10.5,24,,,330020/2024/8,330020,2024,8,2024-08-31
1.0,4.1,07:19,27.2,14:57,13.9,13.9,24,,,330020/2024/9,330020,2024,9,2024-09-01
2.0,6.6,07:08,17.4,12:52,13.2,13.2,24,,,330020/2024/9,330020,2024,9,2024-09-02
3.0,7.2,00:12,16.7,15:39,11.7,11.7,24,,,330020/2024/9,330020,2024,9,2024-09-03
4.0,1.5,06:51,22.7,16:25,10.5,10.5,24,,,330020/2024/9,330020,2024,9,2024-09-04
5.0,3.5,06:17,25.7,15:46,12.9,12.9,24,,,330020/2024/9,330020,2024,9,2024-09-05
6.0,7.5,07:04,21.0,08:00,13.4,13.4,24,,,330020/2024/9,330020,2024,9,2024-09-06
7.0,5.4,06:43,18.8,14:57,11.5,11.5,24,,,330020/2024/9,330020,2024,9,2024-09-07
8.0,5.8,07:59,21.3,17:37,12.2,12.2,24,,,330020/2024/9,330020,2024,9,2024-09-08
9.0,7.2,08:08,24.9,16:00,15.1,15.1,24,,,330020/2024/9,330020,2024,9,2024-09-09
10.0,7.2,06:55,19.9,15:07,13.8,13.8,24,,,330020/2024/9,330020,2024,9,2024-09-10
11.0,5.8,07:18,21.5,16:26,13.5,13.5,24,,,330020/2024/9,330020,2024,9,2024-09-11
12.0,7.2,07:14,19.9,15:06,12.5,12.5,24,,,330020/2024/9,330020,2024,9,2024-09-12
13.0,5.7,05:01,20.5,16:43,12.1,12.1,24,,,330020/2024/9,330020,2024,9,2024-09-13
14.0,4.5,07:47,25.4,16:26,13.6,13.6,24,,,330020/2024/9,330020,2024,9,2024-09-14
15.0,4.9,06:38,26.2,16:39,14.8,14.8,24,,,330020/2024/9,330020,2024,9,2024-09-15
16.0,5.8,05:52,27.9,15:59,15.2,15.2,24,,,330020/2024/9,330020,2024,9,2024-09-16
17.0,6.2,07:58,22.2,17:04,15.2,15.2,24,,,330020/2024/9,330020,2024,9,2024-09-17
18.0,7.9,05:19,21.6,15:16,13.4,13.4,24,,,330020/2024/9,330020,2024,9,2024-09-18
19.0,5.7,07:39,19.9,16:20,12.1,12.1,24,,,330020/2024/9,330020,2024,9,2024-09-19
20.0,5.5,04:14,17.4,15:58,10.5,10.5,24,,,330020/2024/9,330020,2024,9,2024-09-20
21.0,7.5,05:29,18.5,16:36,11.9,11.9,24,,,330020/2024/9,330020,2024,9,2024-09-21
22.0,7.9,08:20,13.0,16:51,10.1,10.1,24,,,330020/2024/9,330020,2024,9,2024-09-22
23.0,8.9,05:26,16.7,17:04,11.8,11.8,24,,,330020/2024/9,330020,2024,9,2024-09-23
24.0,3.9,07:17,20.1,16:56,11.4,11.4,24,,,330020/2024/9,330020,2024,9,2024-09-24
25.0,3.8,07:43,20.8,17:08,11.6,11.6,24,,,330020/2024/9,330020,2024,9,2024-09-25
26.0,3.5,06:59,28.0,15:34,14.2,14.2,24,,,330020/2024/9,330020,2024,9,2024-09-26
27.0,6.6,06:39,24.8,16:38,15.5,15.5,24,,,330020/2024/9,330020,2024,9,2024-09-27
28.0,10.5,07:31,27.1,16:28,18.1,18.1,24,,,330020/2024/9,330020,2024,9,2024-09-28
29.0,8.4,06:07,20.1,21:02,14.2,14.2,24,,,330020/2024/9,330020,2024,9,2024-09-29
30.0,9.3,04:03,19.3,16:18,12.6,12.6,24,,,330020/2024/9,330020,2024,9,2024-09-30
1.0,6.4,02:03,18.8,15:51,12.2,12.2,24,,,330020/2024/10,330020,2024,10,2024-10-01
2.0,5.3,06:45,22.5,16:19,13.4,13.4,24,,,330020/2024/10,330020,2024,10,2024-10-02
3.0,6.4,07:42,28.1,16:26,15.8,15.8,24,,,330020/2024/10,330020,2024,10,2024-10-03
4.0,8.9,06:54,28.2,14:21,17.6,17.6,24,,,330020/2024/10,330020,2024,10,2024-10-04
5.0,7.7,07:15,28.8,16:17,17.6,17.6,24,,,330020/2024/10,330020,2024,10,2024-10-05
6.0,16.1,03:31,23.1,11:39,19.0,19.0,24,,,330020/2024/10,330020,2024,10,2024-10-06
7.0,13.0,07:39,24.8,13:55,17.2,17.2,24,,,330020/2024/10,330020,2024,10,2024-10-07
8.0,10.9,05:58,14.8,21:03,12.4,12.4,24,,,330020/2024/10,330020,2024,10,2024-10-08
9.0,8.1,07:32,22.6,15:40,14.0,14.0,24,,,330020/2024/10,330020,2024,10,2024-10-09
10.0,8.5,07:22,21.1,13:57,14.2,14.2,24,,,330020/2024/10,330020,2024,10,2024-10-10
11.0,11.2,07:50,18.2,15:28,13.5,13.5,24,,,330020/2024/10,330020,2024,10,2024-10-11
12.0,11.8,07:28,18.8,16:07,14.8,14.8,24,,,330020/2024/10,330020,2024,10,2024-10-12
13.0,6.8,07:12,25.0,15:04,15.6,15.6,24,,,330020/2024/10,330020,2024,10,2024-10-13
14.0,8.2,04:32,24.7,17:00,15.7,15.7,24,,,330020/2024/10,330020,2024,10,2024-10-14
15.0,8.2,06:55,30.7,16:17,17.4,17.4,24,,,330020/2024/10,330020,2024,10,2024-10-15
16.0,8.6,07:28,21.7,12:32,16.0,16.0,24,,,330020/2024/10,330020,2024,10,2024-10-16
17.0,5.9,06:15,29.6,16:23,15.6,15.6,24,,,330020/2024/10,330020,2024,10,2024-10-17
18.0,9.3,06:52,31.6,16:01,19.6,19.6,24,,,330020/2024/10,330020,2024,10,2024-10-18
19.0,10.6,06:59,24.3,11:40,17.0,17.0,24,,,330020/2024/10,330020,2024,10,2024-10-19
20.0,10.2,06:51,20.6,15:07,13.9,13.9,24,,,330020/2024/10,330020,2024,10,2024-10-20
21.0,8.3,07:04,26.1,17:16,16.5,16.5,24,,,330020/2024/10,330020,2024,10,2024-10-21
22.0,10.0,06:20,26.2,13:18,16.7,16.7,24,,,330020/2024/10,330020,2024,10,2024-10-22
23.0,10.9,06:42,20.9,15:46,14.5,14.5,24,,,330020/2024/10,330020,2024,10,2024-10-23
24.0,7.3,06:54,28.5,15:41,16.9,16.9,24,,,330020/2024/10,330020,2024,10,2024-10-24
25.0,8.6,06:22,26.4,17:11,16.4,16.4,24,,,330020/2024/10,330020,2024,10,2024-10-25
26.0,7.9,06:41,32.2,15:40,19.4,19.4,24,,,330020/2024/10,330020,2024,10,2024-10-26
27.0,9.0,07:08,30.5,16:01,19.6,19.6,24,,,330020/2024/10,330020,2024,10,2024-10-27
28.0,11.7,05:22,34.3,14:49,21.7,21.7,24,,,330020/2024/10,330020,2024,10,2024-10-28
29.0,12.1,07:12,24.4,16:19,18.4,18.4,24,,,330020/2024/10,330020,2024,10,2024-10-29
30.0,11.5,03:16,26.9,15:45,17.8,17.8,24,,,330020/2024/10,330020,2024,10,2024-10-30
31.0,11.5,05:13,27.5,15:11,18.5,18.5,24,,,330020/2024/10,330020,2024,10,2024-10-31
1.0,11.0,02:56,21.4,18:12,14.3,14.3,24,,,330020/2024/11,330020,2024,11,2024-11-01
2.0,6.8,06:45,27.5,16:03,15.7,15.7,24,,,330020/2024/11,330020,2024,11,2024-11-02
3.0,11.0,20:59,22.2,14:11,16.6,16.6,24,,,330020/2024/11,330020,2024,11,2024-11-03
4.0,4.7,06:50,25.8,16:57,14.0,14.0,24,,,330020/2024/11,330020,2024,11,2024-11-04
5.0,7.0,06:53,28.8,16:50,17.6,17.6,24,,,330020/2024/11,330020,2024,11,2024-11-05
6.0,10.9,06:40,29.3,17:10,19.3,19.3,24,,,330020/2024/11,330020,2024,11,2024-11-06
7.0,10.4,06:46,26.2,18:32,19.2,19.2,24,,,330020/2024/11,330020,2024,11,2024-11-07
8.0,10.9,06:44,31.3,15:39,20.7,20.7,24,,,330020/2024/11,330020,2024,11,2024-11-08
9.0,12.0,06:59,29.6,16:17,21.2,21.2,24,,,330020/2024/11,330020,2024,11,2024-11-09
10.0,11.8,07:20,24.8,16:13,17.6,17.6,24,,,330020/2024/11,330020,2024,11,2024-11-10
11.0,9.6,06:34,28.2,16:23,18.7,18.7,24,,,330020/2024/11,330020,2024,11,2024-11-11
12.0,10.1,06:27,32.2,16:03,20.9,20.9,24,,,330020/2024/11,330020,2024,11,2024-11-12
13.0,12.2,06:54,29.1,13:03,21.5,21.5,24,,,330020/2024/11,330020,2024,11,2024-11-13
14.0,10.9,05:44,28.0,15:52,18.7,18.7,24,,,330020/2024/11,330020,2024,11,2024-11-14
15.0,10.1,06:20,25.7,16:04,17.6,17.6,24,,,330020/2024/11,330020,2024,11,2024-11-15
16.0,11.7,05:26,18.7,21:00,15.8,15.8,24,,,330020/2024/11,330020,2024,11,2024-11-16
17.0,12.5,06:17,26.3,15:48,17.4,17.4,24,,,330020/2024/11,330020,2024,11,2024-11-17
18.0,9.1,05:39,27.9,15:57,18.2,18.2,24,,,330020/2024/11,330020,2024,11,2024-11-18
19.0,9.3,07:03,26.3,16:31,17.6,17.6,24,,,330020/2024/11,330020,2024,11,2024-11-19
20.0,11.6,05:28,26.5,17:49,17.8,17.8,24,,,330020/2024/11,330020,2024,11,2024-11-20
21.0,10.4,06:41,29.3,14:40,19.3,19.3,24,,,330020/2024/11,330020,2024,11,2024-11-21
22.0,9.8,06:48,28.0,16:21,18.9,18.9,24,,,330020/2024/11,330020,2024,11,2024-11-22
23.0,10.7,06:46,30.5,16:43,20.3,20.3,24,,,330020/2024/11,330020,2024,11,2024-11-23
24.0,11.4,06:08,29.6,16:18,20.6,20.6,24,,,330020/2024/11,330020,2024,11,2024-11-24
25.0,11.4,06:26,28.1,16:39,20.5,20.5,24,,,330020/2024/11,330020,2024,11,2024-11-25
26.0,9.2,06:18,27.7,16:20,18.9,18.9,24,,,330020/2024/11,330020,2024,11,2024-11-26
27.0,9.1,06:04,26.1,16:03,17.5,17.5,24,,,330020/2024/11,330020,2024,11,2024-11-27
28.0,7.6,06:35,27.2,16:33,17.2,17.2,24,,,330020/2024/11,330020,2024,11,2024-11-28
29.0,9.4,06:19,29.5,16:00,19.8,19.8,24,,,330020/2024/11,330020,2024,11,2024-11-29
30.0,9.3,06:29,27.8,15:26,19.1,19.1,24,,,330020/2024/11,330020,2024,11,2024-11-30
1.0,9.5,02:44,25.4,16:46,15.7,15.7,24,,,330020/2024/12,330020,2024,12,2024-12-01
2.0,9.1,06:10,27.5,16:45,18.5,18.5,24,,,330020/2024/12,330020,2024,12,2024-12-02
3.0,8.7,06:22,27.6,15:29,18.3,18.3,24,,,330020/2024/12,330020,2024,12,2024-12-03
4.0,9.9,07:02,26.1,15:14,17.3,17.3,24,,,330020/2024/12,330020,2024,12,2024-12-04
5.0,8.9,05:48,23.3,16:28,14.6,14.6,24,,,330020/2024/12,330020,2024,12,2024-12-05
6.0,7.6,06:21,26.9,17:29,16.8,16.8,24,,,330020/2024/12,330020,2024,12,2024-12-06
7.0,9.8,06:52,28.3,15:43,18.9,18.9,24,,,330020/2024/12,330020,2024,12,2024-12-07
8.0,7.9,06:32,26.4,16:44,17.5,17.5,24,,,330020/2024/12,330020,2024,12,2024-12-08
9.0,7.7,06:21,31.0,16:09,18.9,18.9,24,,,330020/2024/12,330020,2024,12,2024-12-09
10.0,11.2,05:40,30.5,16:51,21.2,21.2,24,,,330020/2024/12,330020,2024,12,2024-12-10
11.0,11.0,06:26,31.9,15:03,21.1,21.1,24,,,330020/2024/12,330020,2024,12,2024-12-11
12.0,11.7,07:09,29.0,16:10,19.9,19.9,24,,,330020/2024/12,330020,2024,12,2024-12-12
13.0,11.1,06:35,31.6,16:35,20.8,20.8,24,,,330020/2024/12,330020,2024,12,2024-12-13
14.0,12.0,06:46,32.5,17:00,22.1,22.1,24,,,330020/2024/12,330020,2024,12,2024-12-14
15.0,11.8,06:52,29.3,14:25,20.5,20.5,24,,,330020/2024/12,330020,2024,12,2024-12-15
16.0,10.6,06:31,30.0,15:50,19.5,19.5,24,,,330020/2024/12,330020,2024,12,2024-12-16
17.0,11.7,05:43,27.7,17:41,18.9,18.9,24,,,330020/2024/12,330020,2024,12,2024-12-17
18.0,11.1,06:39,30.7,16:47,20.2,20.2,24,,,330020/2024/12,330020,2024,12,2024-12-18
19.0,12.2,06:51,33.8,16:36,22.9,22.9,24,,,330020/2024/12,330020,2024,12,2024-12-19
20.0,13.4,06:46,31.3,17:38,22.4,22.4,24,,,330020/2024/12,330020,2024,12,2024-12-20
21.0,13.2,06:23,33.6,16:46,23.2,23.2,24,,,330020/2024/12,330020,2024,12,2024-12-21
22.0,15.6,06:08,35.6,15:46,25.5,25.5,24,,,330020/2024/12,330020,2024,12,2024-12-22
23.0,14.8,06:54,31.8,15:10,23.9,23.9,24,,,330020/2024/12,330020,2024,12,2024-12-23
24.0,13.3,07:03,32.1,15:37,22.9,22.9,24,,,330020/2024/12,330020,2024,12,2024-12-24
25.0,13.1,06:28,30.1,14:17,21.8,21.8,24,,,330020/2024/12,330020,2024,12,2024-12-25
26.0,12.3,06:14,27.2,15:00,19.3,19.3,24,,,330020/2024/12,330020,2024,12,2024-12-26
27.0,13.1,06:18,29.3,16:17,20.1,20.1,24,,,330020/2024/12,330020,2024,12,2024-12-27
28.0,13.6,06:52,30.5,16:56,21.0,21.0,24,,,330020/2024/12,330020,2024,12,2024-12-28
29.0,12.9,06:32,32.8,16:41,22.2,22.2,24,,,330020/2024/12,330020,2024,12,2024-12-29
30.0,13.8,06:42,31.5,17:08,22.2,22.2,24,,,330020/2024/12,330020,2024,12,2024-12-30
31.0,13.8,06:19,32.8,16:25,22.8,22.8,24,,,330020/2024/12,330020,2024,12,2024-12-31
1.0,14.2,06:32,31.7,16:21,23.1,23.1,24,,,330020/2025/1,330020,2025,1,2025-01-01
2.0,12.2,06:06,33.2,16:42,22.1,22.1,24,,,330020/2025/1,330020,2025,1,2025-01-02
3.0,13.0,06:24,32.1,14:55,22.7,22.7,24,,,330020/2025/1,330020,2025,1,2025-01-03
4.0,13.8,06:41,31.2,15:11,22.1,22.1,24,,,330020/2025/1,330020,2025,1,2025-01-04
5.0,17.9,06:15,33.8,17:43,25.1,25.1,24,,,330020/2025/1,330020,2025,1,2025-01-05
6.0,16.7,06:57,30.8,16:06,24.2,24.2,24,,,330020/2025/1,330020,2025,1,2025-01-06
7.0,14.3,04:57,26.5,17:44,19.6,19.6,24,,,330020/2025/1,330020,2025,1,2025-01-07
8.0,13.2,06:55,30.7,16:15,20.7,20.7,24,,,330020/2025/1,330020,2025,1,2025-01-08
9.0,13.6,06:47,32.7,08:00,22.9,22.9,24,,,330020/2025/1,330020,2025,1,2025-01-09
10.0,14.6,07:05,33.8,15:42,24.3,24.3,24,,,330020/2025/1,330020,2025,1,2025-01-10
11.0,14.4,06:39,34.7,16:52,24.4,24.4,24,,,330020/2025/1,330020,2025,1,2025-01-11
12.0,15.1,07:20,29.1,14:18,22.8,22.8,24,,,330020/2025/1,330020,2025,1,2025-01-12
13.0,14.3,06:31,30.7,16:41,21.4,21.4,24,,,330020/2025/1,330020,2025,1,2025-01-13
14.0,15.2,06:42,31.7,17:49,23.3,23.3,24,,,330020/2025/1,330020,2025,1,2025-01-14
15.0,13.2,06:45,33.3,16:10,23.0,23.0,24,,,330020/2025/1,330020,2025,1,2025-01-15
16.0,16.5,06:45,33.6,15:57,24.8,24.8,24,,,330020/2025/1,330020,2025,1,2025-01-16
17.0,13.4,07:00,32.5,16:52,23.3,23.3,24,,,330020/2025/1,330020,2025,1,2025-01-17
18.0,14.3,06:52,30.1,16:04,22.1,22.1,24,,,330020/2025/1,330020,2025,1,2025-01-18
19.0,11.3,06:54,34.2,17:05,22.2,22.2,24,,,330020/2025/1,330020,2025,1,2025-01-19
20.0,12.8,06:55,32.6,15:01,22.9,22.9,24,,,330020/2025/1,330020,2025,1,2025-01-20
21.0,12.6,06:49,31.3,16:05,21.0,21.0,24,,,330020/2025/1,330020,2025,1,2025-01-21
22.0,13.4,07:04,28.4,16:17,20.5,20.5,24,,,330020/2025/1,330020,2025,1,2025-01-22
23.0,12.6,06:26,31.1,17:15,20.8,20.8,24,,,330020/2025/1,330020,2025,1,2025-01-23
24.0,13.9,06:26,34.0,17:28,23.7,23.7,24,,,330020/2025/1,330020,2025,1,2025-01-24
25.0,14.9,07:05,33.9,15:45,24.8,24.8,24,,,330020/2025/1,330020,2025,1,2025-01-25
26.0,14.0,07:05,32.4,16:02,23.2,23.2,24,,,330020/2025/1,330020,2025,1,2025-01-26
27.0,13.5,06:46,33.3,16:47,23.1,23.1,24,,,330020/2025/1,330020,2025,1,2025-01-27
28.0,14.2,07:04,34.1,17:12,24.2,24.2,24,,,330020/2025/1,330020,2025,1,2025-01-28
29.0,14.2,06:22,32.2,14:09,23.1,23.1,24,,,330020/2025/1,330020,2025,1,2025-01-29
30.0,13.4,05:44,31.4,14:17,21.5,21.5,24,,,330020/2025/1,330020,2025,1,2025-01-30
31.0,13.0,07:04,32.8,16:09,22.4,22.4,24,,,330020/2025/1,330020,2025,1,2025-01-31
1.0,13.5,07:37,33.3,16:18,23.6,23.6,24,,,330020/2025/2,330020,2025,2,2025-02-01
2.0,13.1,07:15,31.5,16:55,22.7,22.7,24,,,330020/2025/2,330020,2025,2,2025-02-02
3.0,14.1,06:36,32.7,16:33,22.9,22.9,24,,,330020/2025/2,330020,2025,2,2025-02-03
4.0,14.8,06:26,33.2,16:18,23.9,23.9,24,,,330020/2025/2,330020,2025,2,2025-02-04
5.0,13.8,07:05,33.9,16:25,23.6,23.6,24,,,330020/2025/2,330020,2025,2,2025-02-05
6.0,14.3,06:57,35.8,16:51,24.6,24.6,24,,,330020/2025/2,330020,2025,2,2025-02-06
7.0,14.2,07:02,32.4,15:58,23.3,23.3,24,,,330020/2025/2,330020,2025,2,2025-02-07
8.0,14.5,07:00,35.9,16:34,24.4,24.4,24,,,330020/2025/2,330020,2025,2,2025-02-08
9.0,16.7,07:06,32.2,15:31,24.7,24.7,24,,,330020/2025/2,330020,2025,2,2025-02-09
10.0,15.9,07:02,30.2,15:23,22.8,22.8,24,,,330020/2025/2,330020,2025,2,2025-02-10
11.0,14.4,06:53,31.5,16:32,22.1,22.1,24,,,330020/2025/2,330020,2025,2,2025-02-11
12.0,12.6,06:50,31.0,15:55,22.3,22.3,24,,,330020/2025/2,330020,2025,2,2025-02-12
13.0,12.8,07:14,32.5,16:49,22.6,22.6,24,,,330020/2025/2,330020,2025,2,2025-02-13
14.0,12.5,06:29,30.3,15:16,21.6,21.6,24,,,330020/2025/2,330020,2025,2,2025-02-14
15.0,10.7,07:10,27.1,16:51,19.2,19.2,24,,,330020/2025/2,330020,2025,2,2025-02-15
16.0,9.2,07:21,30.3,16:41,18.9,18.9,24,,,330020/2025/2,330020,2025,2,2025-02-16
17.0,11.9,07:43,31.8,17:23,21.5,21.5,24,,,330020/2025/2,330020,2025,2,2025-02-17
18.0,12.1,07:06,32.8,15:40,21.8,21.8,24,,,330020/2025/2,330020,2025,2,2025-02-18
19.0,12.0,06:58,26.8,17:23,19.1,19.1,24,,,330020/2025/2,330020,2025,2,2025-02-19
20.0,11.8,06:42,30.6,15:53,20.2,20.2,24,,,330020/2025/2,330020,2025,2,2025-02-20
21.0,12.9,07:08,32.7,17:04,21.9,21.9,24,,,330020/2025/2,330020,2025,2,2025-02-21
22.0,13.5,07:16,34.1,16:03,23.6,23.6,24,,,330020/2025/2,330020,2025,2,2025-02-22
23.0,14.5,06:38,34.2,16:12,24.4,24.4,24,,,330020/2025/2,330020,2025,2,2025-02-23
24.0,13.3,07:32,33.9,17:10,23.7,23.7,24,,,330020/2025/2,330020,2025,2,2025-02-24
25.0,14.6,06:37,32.7,14:53,24.0,24.0,24,,,330020/2025/2,330020,2025,2,2025-02-25
26.0,13.7,06:32,33.7,15:57,23.4,23.4,24,,,330020/2025/2,330020,2025,2,2025-02-26
27.0,13.3,07:09,30.5,16:30,21.9,21.9,24,,,330020/2025/2,330020,2025,2,2025-02-27
28.0,14.8,02:55,28.1,17:52,20.6,20.6,24,,,330020/2025/2,330020,2025,2,2025-02-28
1.0,12.9,07:39,29.1,16:03,20.7,20.7,24,,,330020/2025/3,330020,2025,3,2025-03-01
2.0,12.7,07:49,26.2,15:17,18.9,18.9,24,,,330020/2025/3,330020,2025,3,2025-03-02
3.0,11.2,07:37,29.5,16:04,19.4,19.4,24,,,330020/2025/3,330020,2025,3,2025-03-03
4.0,11.9,07:49,30.7,17:00,20.9,20.9,24,,,330020/2025/3,330020,2025,3,2025-03-04
5.0,12.4,07:11,30.2,15:08,21.4,21.4,24,,,330020/2025/3,330020,2025,3,2025-03-05
6.0,12.6,07:13,27.2,15:47,19.7,19.7,24,,,330020/2025/3,330020,2025,3,2025-03-06
7.0,12.9,06:55,28.0,16:45,19.4,19.4,24,,,330020/2025/3,330020,2025,3,2025-03-07
8.0,12.2,07:51,30.9,17:38,21.0,21.0,24,,,330020/2025/3,330020,2025,3,2025-03-08
9.0,11.5,07:19,32.6,16:42,21.8,21.8,24,,,330020/2025/3,330020,2025,3,2025-03-09
10.0,12.1,06:26,30.2,17:25,20.8,20.8,24,,,330020/2025/3,330020,2025,3,2025-03-10
11.0,12.6,06:40,32.0,17:01,21.5,21.5,24,,,330020/2025/3,330020,2025,3,2025-03-11
12.0,13.0,07:47,33.0,15:40,22.5,22.5,24,,,330020/2025/3,330020,2025,3,2025-03-12
13.0,12.4,07:18,31.3,14:38,21.8,21.8,24,,,330020/2025/3,330020,2025,3,2025-03-13
14.0,11.8,07:12,24.8,16:07,17.8,17.8,24,,,330020/2025/3,330020,2025,3,2025-03-14
15.0,12.8,04:25,23.5,17:50,17.0,17.0,24,,,330020/2025/3,330020,2025,3,2025-03-15
16.0,9.7,07:37,29.6,17:37,18.7,18.7,24,,,330020/2025/3,330020,2025,3,2025-03-16
17.0,11.7,07:19,32.3,16:37,21.3,21.3,24,,,330020/2025/3,330020,2025,3,2025-03-17
18.0,11.7,06:37,34.8,16:19,21.9,21.9,24,,,330020/2025/3,330020,2025,3,2025-03-18
19.0,12.3,07:11,26.1,15:52,19.5,19.5,24,,,330020/2025/3,330020,2025,3,2025-03-19
20.0,11.0,07:11,27.8,16:23,18.4,18.4,24,,,330020/2025/3,330020,2025,3,2025-03-20
21.0,11.9,07:32,30.4,16:56,20.2,20.2,24,,,330020/2025/3,330020,2025,3,2025-03-21
22.0,13.2,07:07,29.6,15:13,21.2,21.2,24,,,330020/2025/3,330020,2025,3,2025-03-22
23.0,12.2,07:43,27.0,14:36,19.4,19.4,24,,,330020/2025/3,330020,2025,3,2025-03-23
24.0,8.3,07:02,25.2,16:24,16.3,16.3,24,,,330020/2025/3,330020,2025,3,2025-03-24
25.0,10.2,04:29,22.8,16:09,15.8,15.8,24,,,330020/2025/3,330020,2025,3,2025-03-25
26.0,8.8,06:40,28.4,16:24,16.9,16.9,24,,,330020/2025/3,330020,2025,3,2025-03-26
27.0,12.7,06:02,23.5,16:58,17.0,17.0,24,,,330020/2025/3,330020,2025,3,2025-03-27
28.0,8.6,06:34,23.8,15:26,15.9,15.9,24,,,330020/2025/3,330020,2025,3,2025-03-28
29.0,10.5,07:10,27.8,15:02,18.0,18.0,24,,,330020/2025/3,330020,2025,3,2025-03-29
30.0,11.1,20:58,17.1,21:00,13.7,13.7,24,,,330020/2025/3,330020,2025,3,2025-03-30
31.0,6.8,08:06,23.7,18:02,13.4,13.4,24,,,330020/2025/3,330020,2025,3,2025-03-31
1.0,6.8,03:22,24.6,16:51,14.4,14.4,24,,,330020/2025/4,330020,2025,4,2025-04-01
2.0,6.6,05:51,27.1,16:46,15.5,15.5,24,,,330020/2025/4,330020,2025,4,2025-04-02
3.0,7.0,07:57,29.4,16:37,17.0,17.0,24,,,330020/2025/4,330020,2025,4,2025-04-03
4.0,8.5,07:50,29.2,15:35,18.3,18.3,24,,,330020/2025/4,330020,2025,4,2025-04-04
5.0,9.3,06:22,20.1,21:04,14.1,14.1,24,,,330020/2025/4,330020,2025,4,2025-04-05
6.0,11.6,00:36,23.3,15:14,15.2,15.2,24,,,330020/2025/4,330020,2025,4,2025-04-06
7.0,7.6,07:21,29.1,15:40,16.6,16.6,24,,,330020/2025/4,330020,2025,4,2025-04-07
8.0,9.1,07:02,27.5,15:08,17.4,17.4,24,,,330020/2025/4,330020,2025,4,2025-04-08
9.0,10.4,01:45,22.9,14:36,14.5,14.5,24,,,330020/2025/4,330020,2025,4,2025-04-09
10.0,12.0,21:39,20.4,14:26,14.6,14.6,24,,,330020/2025/4,330020,2025,4,2025-04-10
11.0,11.7,08:44,17.5,17:11,14.0,14.0,24,,,330020/2025/4,330020,2025,4,2025-04-11
12.0,5.0,06:33,25.0,15:31,13.6,13.6,24,,,330020/2025/4,330020,2025,4,2025-04-12
13.0,6.7,07:23,25.8,15:10,15.5,15.5,24,,,330020/2025/4,330020,2025,4,2025-04-13
14.0,7.4,06:22,23.8,14:11,14.5,14.5,24,,,330020/2025/4,330020,2025,4,2025-04-14
15.0,6.9,07:05,25.1,15:33,15.0,15.0,24,,,330020/2025/4,330020,2025,4,2025-04-15
16.0,7.8,07:15,25.0,14:22,15.8,15.8,24,,,330020/2025/4,330020,2025,4,2025-04-16
17.0,11.1,05:33,22.3,14:49,15.9,15.9,24,,,330020/2025/4,330020,2025,4,2025-04-17
18.0,6.6,07:04,28.3,15:47,15.6,15.6,24,,,330020/2025/4,330020,2025,4,2025-04-18
19.0,7.4,06:10,27.0,14:29,15.8,15.8,24,,,330020/2025/4,330020,2025,4,2025-04-19
20.0,6.3,06:59,26.2,14:15,14.9,14.9,24,,,330020/2025/4,330020,2025,4,2025-04-20
21.0,7.9,06:11,24.4,14:38,15.3,15.3,24,,,330020/2025/4,330020,2025,4,2025-04-21
22.0,7.9,06:38,26.6,14:44,16.4,16.4,24,,,330020/2025/4,330020,2025,4,2025-04-22
23.0,13.8,05:57,19.6,12:49,16.3,16.3,24,,,330020/2025/4,330020,2025,4,2025-04-23
24.0,13.5,23:52,20.8,14:48,16.0,16.0,24,,,330020/2025/4,330020,2025,4,2025-04-24
25.0,10.3,02:55,19.0,14:06,13.9,13.9,24,,,330020/2025/4,330020,2025,4,2025-04-25
26.0,8.8,02:37,20.2,16:00,14.0,14.0,24,,,330020/2025/4,330020,2025,4,2025-04-26
27.0,6.5,07:01,26.4,16:03,14.5,14.5,24,,,330020/2025/4,330020,2025,4,2025-04-27
28.0,6.4,07:16,28.4,14:51,15.6,15.6,24,,,330020/2025/4,330020,2025,4,2025-04-28
29.0,6.0,07:13,19.7,13:58,12.5,12.5,24,,,330020/2025/4,330020,2025,4,2025-04-29
30.0,8.9,00:02,11.6,16:42,10.0,10.0,24,,,330020/2025/4,330020,2025,4,2025-04-30
1.0,9.3,06:45,19.6,15:20,12.9,12.9,24,,,330020/2025/5,330020,2025,5,2025-05-01
2.0,4.6,06:29,23.5,15:09,13.1,13.1,24,,,330020/2025/5,330020,2025,5,2025-05-02
3.0,5.2,07:35,25.7,15:47,14.0,14.0,24,,,330020/2025/5,330020,2025,5,2025-05-03
4.0,5.1,07:24,25.4,15:09,14.1,14.1,24,,,330020/2025/5,330020,2025,5,2025-05-04
5.0,6.8,07:33,25.2,14:44,15.0,15.0,24,,,330020/2025/5,330020,2025,5,2025-05-05
6.0,8.1,07:12,16.6,16:03,12.6,12.6,24,,,330020/2025/5,330020,2025,5,2025-05-06
7.0,9.8,03:18,16.4,13:19,12.3,12.3,24,,,330020/2025/5,330020,2025,5,2025-05-07
8.0,10.2,03:13,13.9,15:13,11.3,11.3,24,,,330020/2025/5,330020,2025,5,2025-05-08
9.0,5.6,05:38,21.9,15:57,11.7,11.7,24,,,330020/2025/5,330020,2025,5,2025-05-09
10.0,5.7,07:24,28.8,14:51,14.0,14.0,24,,,330020/2025/5,330020,2025,5,2025-05-10
11.0,7.5,07:17,20.7,12:12,13.4,13.4,24,,,330020/2025/5,330020,2025,5,2025-05-11
12.0,7.5,00:54,19.5,14:52,12.0,12.0,24,,,330020/2025/5,330020,2025,5,2025-05-12
13.0,7.4,06:23,19.3,13:25,11.3,11.3,24,,,330020/2025/5,330020,2025,5,2025-05-13
14.0,8.3,07:37,21.2,15:15,12.1,12.1,24,,,330020/2025/5,330020,2025,5,2025-05-14
15.0,4.7,07:35,22.1,15:13,11.7,11.7,24,,,330020/2025/5,330020,2025,5,2025-05-15
16.0,4.7,07:05,22.1,15:13,10.3,10.3,24,,,330020/2025/5,330020,2025,5,2025-05-16
17.0,9.0,21:20,12.7,14:16,10.8,10.8,24,,,330020/2025/5,330020,2025,5,2025-05-17
18.0,8.7,07:14,14.3,15:45,11.1,11.1,24,,,330020/2025/5,330020,2025,5,2025-05-18
19.0,10.7,02:27,21.3,15:19,13.9,13.9,24,,,330020/2025/5,330020,2025,5,2025-05-19
20.0,10.1,04:17,23.8,15:58,15.2,15.2,24,,,330020/2025/5,330020,2025,5,2025-05-20
21.0,11.2,07:37,24.3,15:34,16.9,16.9,24,,,330020/2025/5,330020,2025,5,2025-05-21
22.0,8.0,07:15,23.5,15:36,14.1,14.1,24,,,330020/2025/5,330020,2025,5,2025-05-22
23.0,9.4,07:14,20.0,14:57,13.4,13.4,24,,,330020/2025/5,330020,2025,5,2025-05-23
24.0,6.5,07:12,23.1,15:08,13.0,13.0,24,,,330020/2025/5,330020,2025,5,2025-05-24
25.0,6.4,05:53,18.7,13:52,11.8,11.8,24,,,330020/2025/5,330020,2025,5,2025-05-25
26.0,10.9,02:41,14.8,20:08,12.2,12.2,24,,,330020/2025/5,330020,2025,5,2025-05-26
27.0,4.4,07:44,14.9,14:41,10.1,10.1,24,,,330020/2025/5,330020,2025,5,2025-05-27
28.0,1.6,06:50,20.9,15:40,8.7,8.7,24,,,330020/2025/5,330020,2025,5,2025-05-28
29.0,4.3,07:16,24.2,15:09,11.9,11.9,24,,,330020/2025/5,330020,2025,5,2025-05-29
30.0,4.6,07:36,20.2,14:54,11.3,11.3,24,,,330020/2025/5,330020,2025,5,2025-05-30
31.0,3.4,05:52,20.9,15:17,10.2,10.2,24,,,330020/2025/5,330020,2025,5,2025-05-31
1.0,3.2,08:01,23.5,15:37,10.8,10.8,24,,,330020/2025/6,330020,2025,6,2025-06-01
2.0,4.8,02:28,18.3,15:11,10.2,10.2,24,,,330020/2025/6,330020,2025,6,2025-06-02
3.0,8.4,06:34,16.9,13:49,11.6,11.6,24,,,330020/2025/6,330020,2025,6,2025-06-03
4.0,8.3,05:58,19.1,15:28,12.1,12.1,24,,,330020/2025/6,330020,2025,6,2025-06-04
5.0,3.6,07:41,21.0,15:22,10.3,10.3,24,,,330020/2025/6,330020,2025,6,2025-06-05
6.0,3.8,07:07,14.6,11:19,8.2,8.2,24,,,330020/2025/6,330020,2025,6,2025-06-06
7.0,7.7,08:43,16.7,15:25,10.1,10.1,24,,,330020/2025/6,330020,2025,6,2025-06-07
8.0,3.1,07:48,20.1,15:20,9.1,9.1,24,,,330020/2025/6,330020,2025,6,2025-06-08
9.0,2.1,07:17,22.9,15:01,9.8,9.8,24,,,330020/2025/6,330020,2025,6,2025-06-09
10.0,2.9,07:16,25.5,14:45,11.4,11.4,24,,,330020/2025/6,330020,2025,6,2025-06-10
11.0,5.8,06:45,11.4,20:04,8.0,8.0,24,,,330020/2025/6,330020,2025,6,2025-06-11
12.0,4.9,19:51,10.1,16:50,7.6,7.6,24,,,330020/2025/6,330020,2025,6,2025-06-12
13.0,0.6,06:51,14.2,15:10,6.1,6.1,24,,,330020/2025/6,330020,2025,6,2025-06-13
14.0,0.5,06:14,17.2,14:57,7.0,7.0,24,,,330020/2025/6,330020,2025,6,2025-06-14
15.0,8.1,06:56,15.9,15:16,11.2,11.2,24,,,330020/2025/6,330020,2025,6,2025-06-15
16.0,5.3,06:45,14.2,21:00,8.7,8.7,24,,,330020/2025/6,330020,2025,6,2025-06-16
17.0,3.7,03:11,12.9,14:52,7.0,7.0,24,,,330020/2025/6,330020,2025,6,2025-06-17
18.0,0.5,07:25,15.8,16:28,6.7,6.7,24,,,330020/2025/6,330020,2025,6,2025-06-18
19.0,0.6,06:37,18.0,15:48,7.1,7.1,24,,,330020/2025/6,330020,2025,6,2025-06-19
20.0,0.9,07:37,18.8,15:10,7.9,7.9,24,,,330020/2025/6,330020,2025,6,2025-06-20
21.0,0.9,07:41,15.7,15:51,6.9,6.9,24,,,330020/2025/6,330020,2025,6,2025-06-21
22.0,6.0,08:25,15.0,14:53,9.8,9.8,24,,,330020/2025/6,330020,2025,6,2025-06-22
23.0,5.6,01:36,14.8,15:34,8.8,8.8,24,,,330020/2025/6,330020,2025,6,2025-06-23
24.0,0.8,07:27,18.3,15:51,7.5,7.5,24,,,330020/2025/6,330020,2025,6,2025-06-24
25.0,3.4,08:04,13.9,14:54,7.7,7.7,24,,,330020/2025/6,330020,2025,6,2025-06-25
26.0,4.7,07:59,14.9,14:44,9.0,9.0,24,,,330020/2025/6,330020,2025,6,2025-06-26
27.0,1.5,07:45,11.0,13:35,6.0,6.0,24,,,330020/2025/6,330020,2025,6,2025-06-27
28.0,5.0,02:54,13.6,15:31,7.8,7.8,24,,,330020/2025/6,330020,2025,6,2025-06-28
29.0,-0.2,08:28,13.1,15:18,5.3,5.3,24,,,330020/2025/6,330020,2025,6,2025-06-29
30.0,-0.5,03:40,15.3,14:41,5.4,5.4,24,,,330020/2025/6,330020,2025,6,2025-06-30
1.0,5.0,08:11,20.4,15:08,10.4,10.4,24,,,330020/2025/7,330020,2025,7,2025-07-01
2.0,3.6,07:25,21.8,14:23,11.0,11.0,24,,,330020/2025/7,330020,2025,7,2025-07-02
3.0,3.4,08:03,24.7,15:27,11.6,11.6,24,,,330020/2025/7,330020,2025,7,2025-07-03
4.0,4.6,06:29,24.3,14:53,12.2,12.2,24,,,330020/2025/7,330020,2025,7,2025-07-04
5.0,8.1,06:09,13.5,16:04,10.1,10.1,24,,,330020/2025/7,330020,2025,7,2025-07-05
6.0,4.4,08:01,17.9,15:28,11.0,11.0,24,,,330020/2025/7,330020,2025,7,2025-07-06
7.0,3.1,07:36,21.0,15:35,10.0,10.0,24,,,330020/2025/7,330020,2025,7,2025-07-07
8.0,2.8,07:29,20.0,14:37,9.6,9.6,24,,,330020/2025/7,330020,2025,7,2025-07-08
9.0,6.5,21:29,10.0,20:01,7.8,7.8,24,,,330020/2025/7,330020,2025,7,2025-07-09
10.0,6.4,20:00,16.0,15:30,9.3,9.3,24,,,330020/2025/7,330020,2025,7,2025-07-10
11.0,1.0,06:35,20.8,16:03,8.3,8.3,24,,,330020/2025/7,330020,2025,7,2025-07-11
12.0,0.5,08:06,19.7,15:30,8.3,8.3,24,,,330020/2025/7,330020,2025,7,2025-07-12
13.0,2.9,03:00,9.9,14:36,5.7,5.7,24,,,330020/2025/7,330020,2025,7,2025-07-13
14.0,6.3,05:09,10.0,15:52,7.4,7.4,24,,,330020/2025/7,330020,2025,7,2025-07-14
15.0,1.4,07:30,12.9,15:26,6.6,6.6,24,,,330020/2025/7,330020,2025,7,2025-07-15
16.0,0.2,05:38,16.2,15:24,6.3,6.3,24,,,330020/2025/7,330020,2025,7,2025-07-16
17.0,0.2,06:11,24.6,16:03,8.4,8.4,24,,,330020/2025/7,330020,2025,7,2025-07-17
18.0,3.1,05:23,24.3,14:58,11.2,11.2,24,,,330020/2025/7,330020,2025,7,2025-07-18
19.0,3.6,06:55,23.6,16:09,11.7,11.7,24,,,330020/2025/7,330020,2025,7,2025-07-19
20.0,5.5,07:08,21.1,14:36,11.7,11.7,24,,,330020/2025/7,330020,2025,7,2025-07-20
21.0,7.5,02:24,21.0,16:06,12.2,12.2,24,,,330020/2025/7,330020,2025,7,2025-07-21
22.0,5.2,07:20,22.6,16:11,12.0,12.0,24,,,330020/2025/7,330020,2025,7,2025-07-22
23.0,5.8,07:06,18.5,14:19,10.7,10.7,24,,,330020/2025/7,330020,2025,7,2025-07-23
24.0,6.0,01:18,15.5,11:57,9.6,9.6,24,,,330020/2025/7,330020,2025,7,2025-07-24
25.0,1.7,07:13,14.8,15:48,7.8,7.8,24,,,330020/2025/7,330020,2025,7,2025-07-25
26.0,4.2,06:51,12.6,14:45,8.3,8.3,24,,,330020/2025/7,330020,2025,7,2025-07-26
27.0,6.2,21:48,13.8,13:33,9.5,9.5,24,,,330020/2025/7,330020,2025,7,2025-07-27
28.0,6.8,07:45,22.4,14:36,12.4,12.4,24,,,330020/2025/7,330020,2025,7,2025-07-28
29.0,7.8,00:35,22.5,13:36,13.4,13.4,24,,,330020/2025/7,330020,2025,7,2025-07-29
30.0,9.3,03:47,16.7,20:08,12.6,12.6,24,,,330020/2025/7,330020,2025,7,2025-07-30
31.0,9.0,05:15,15.3,12:19,11.4,11.4,24,,,330020/2025/7,330020,2025,7,2025-07-31
1.0,7.8,11:36,11.4,16:15,9.3,9.3,24,,,330020/2025/8,330020,2025,8,2025-08-01
2.0,6.1,07:26,10.6,13:33,8.1,8.1,24,,,330020/2025/8,330020,2025,8,2025-08-02
3.0,2.9,02:33,13.2,15:06,6.8,6.8,24,,,330020/2025/8,330020,2025,8,2025-08-03
4.0,3.5,07:31,20.5,14:16,10.3,10.3,24,,,330020/2025/8,330020,2025,8,2025-08-04
5.0,5.9,07:33,22.6,15:00,12.3,12.3,24,,,330020/2025/8,330020,2025,8,2025-08-05
6.0,5.8,07:03,21.6,14:26,12.5,12.5,24,,,330020/2025/8,330020,2025,8,2025-08-06
7.0,5.0,07:19,19.6,15:51,11.6,11.6,24,,,330020/2025/8,330020,2025,8,2025-08-07
8.0,4.5,06:56,23.5,15:56,12.1,12.1,24,,,330020/2025/8,330020,2025,8,2025-08-08
9.0,7.3,04:20,11.0,20:01,8.8,8.8,24,,,330020/2025/8,330020,2025,8,2025-08-09
10.0,3.1,07:27,19.2,15:43,10.0,10.0,24,,,330020/2025/8,330020,2025,8,2025-08-10
11.0,3.9,07:09,24.6,15:07,12.4,12.4,24,,,330020/2025/8,330020,2025,8,2025-08-11
12.0,8.1,07:33,21.5,14:20,13.7,13.7,24,,,330020/2025/8,330020,2025,8,2025-08-12
13.0,6.8,07:42,25.9,15:55,14.0,14.0,24,,,330020/2025/8,330020,2025,8,2025-08-13
14.0,6.5,07:09,19.9,11:10,11.9,11.9,24,,,330020/2025/8,330020,2025,8,2025-08-14
15.0,9.6,06:04,14.8,13:03,11.6,11.6,24,,,330020/2025/8,330020,2025,8,2025-08-15
16.0,5.0,07:28,20.3,15:00,12.0,12.0,24,,,330020/2025/8,330020,2025,8,2025-08-16
17.0,5.7,07:20,15.0,20:02,10.3,10.3,24,,,330020/2025/8,330020,2025,8,2025-08-17
18.0,4.3,04:53,16.1,14:57,9.2,9.2,24,,,330020/2025/8,330020,2025,8,2025-08-18
19.0,6.3,07:37,18.6,14:21,11.7,11.7,24,,,330020/2025/8,330020,2025,8,2025-08-19
20.0,5.3,07:25,19.0,14:24,12.3,12.3,24,,,330020/2025/8,330020,2025,8,2025-08-20
21.0,5.7,19:58,18.1,12:08,12.8,12.8,24,,,330020/2025/8,330020,2025,8,2025-08-21
22.0,3.6,07:33,7.2,15:22,5.0,5.0,24,,,330020/2025/8,330020,2025,8,2025-08-22
23.0,-1.3,06:48,14.5,15:38,5.0,5.0,24,,,330020/2025/8,330020,2025,8,2025-08-23
24.0,-0.9,06:32,17.6,15:47,6.9,6.9,24,,,330020/2025/8,330020,2025,8,2025-08-24
25.0,1.0,05:58,22.1,15:42,9.9,9.9,24,,,330020/2025/8,330020,2025,8,2025-08-25
26.0,3.8,07:03,27.5,15:07,13.3,13.3,24,,,330020/2025/8,330020,2025,8,2025-08-26
27.0,6.0,07:23,23.1,14:42,13.1,13.1,24,,,330020/2025/8,330020,2025,8,2025-08-27
28.0,8.2,02:40,12.0,20:07,9.9,9.9,24,,,330020/2025/8,330020,2025,8,2025-08-28
29.0,8.7,06:48,13.0,16:13,10.2,10.2,24,,,330020/2025/8,330020,2025,8,2025-08-29
30.0,8.3,07:09,13.4,12:14,10.6,10.6,24,,,330020/2025/8,330020,2025,8,2025-08-30
31.0,6.9,06:30,15.2,15:05,10.4,10.4,24,,,330020/2025/8,330020,2025,8,2025-08-31
1.0,3.9,06:15,21.3,15:26,11.4,11.4,24,,,330020/2025/9,330020,2025,9,2025-09-01
2.0,6.2,04:50,13.8,15:43,10.1,10.1,24,,,330020/2025/9,330020,2025,9,2025-09-02
3.0,4.5,06:26,17.5,15:55,10.7,10.7,24,,,330020/2025/9,330020,2025,9,2025-09-03
4.0,2.5,06:47,22.2,15:37,10.8,10.8,24,,,330020/2025/9,330020,2025,9,2025-09-04
5.0,4.1,06:22,22.3,14:18,12.2,12.2,24,,,330020/2025/9,330020,2025,9,2025-09-05
6.0,6.2,02:36,12.8,20:00,8.7,8.7,24,,,330020/2025/9,330020,2025,9,2025-09-06
7.0,6.7,09:24,10.6,17:11,8.9,8.9,24,,,330020/2025/9,330020,2025,9,2025-09-07
8.0,5.1,08:26,18.6,16:08,11.4,11.4,24,,,330020/2025/9,330020,2025,9,2025-09-08
9.0,4.7,06:54,24.7,16:30,13.3,13.3,24,,,330020/2025/9,330020,2025,9,2025-09-09
10.0,7.6,07:40,22.3,17:00,14.3,14.3,24,,,330020/2025/9,330020,2025,9,2025-09-10
11.0,5.7,07:48,27.2,15:43,15.1,15.1,24,,,330020/2025/9,330020,2025,9,2025-09-11
12.0,7.1,06:52,26.2,15:04,15.5,15.5,24,,,330020/2025/9,330020,2025,9,2025-09-12
13.0,6.2,07:53,20.6,16:31,13.3,13.3,24,,,330020/2025/9,330020,2025,9,2025-09-13
14.0,7.6,08:07,21.5,16:42,14.1,14.1,24,,,330020/2025/9,330020,2025,9,2025-09-14
15.0,5.2,07:36,26.7,17:07,14.8,14.8,24,,,330020/2025/9,330020,2025,9,2025-09-15
16.0,6.7,06:19,27.3,15:16,15.7,15.7,24,,,330020/2025/9,330020,2025,9,2025-09-16
17.0,8.8,04:26,17.6,16:43,12.6,12.6,24,,,330020/2025/9,330020,2025,9,2025-09-17
18.0,5.5,06:41,22.9,16:24,12.6,12.6,24,,,330020/2025/9,330020,2025,9,2025-09-18
19.0,5.4,07:55,25.0,16:44,14.1,14.1,24,,,330020/2025/9,330020,2025,9,2025-09-19
20.0,6.2,07:29,16.7,16:20,11.5,11.5,24,,,330020/2025/9,330020,2025,9,2025-09-20
21.0,7.1,07:25,17.3,15:24,11.3,11.3,24,,,330020/2025/9,330020,2025,9,2025-09-21
22.0,3.1,07:30,24.1,16:53,11.7,11.7,24,,,330020/2025/9,330020,2025,9,2025-09-22
23.0,5.0,07:15,25.5,15:22,14.6,14.6,24,,,330020/2025/9,330020,2025,9,2025-09-23
24.0,7.4,07:23,29.3,15:16,17.3,17.3,24,,,330020/2025/9,330020,2025,9,2025-09-24
25.0,9.9,06:15,26.7,13:48,17.3,17.3,24,,,330020/2025/9,330020,2025,9,2025-09-25
26.0,5.9,20:54,15.7,11:12,10.4,10.4,24,,,330020/2025/9,330020,2025,9,2025-09-26
27.0,3.0,07:51,22.0,17:46,10.4,10.4,24,,,330020/2025/9,330020,2025,9,2025-09-27
28.0,5.8,05:55,25.2,15:47,14.2,14.2,24,,,330020/2025/9,330020,2025,9,2025-09-28
29.0,11.9,06:22,22.3,16:38,15.8,15.8,24,,,330020/2025/9,330020,2025,9,2025-09-29
30.0,10.1,07:36,25.6,16:00,16.7,16.7,24,,,330020/2025/9,330020,2025,9,2025-09-30
1.0,8.1,06:05,29.1,15:37,17.7,17.7,24,,,330020/2025/10,330020,2025,10,2025-10-01
2.0,10.9,07:06,31.0,16:17,19.6,19.6,24,,,330020/2025/10,330020,2025,10,2025-10-02
3.0,11.2,07:26,25.4,13:54,17.2,17.2,24,,,330020/2025/10,330020,2025,10,2025-10-03
4.0,10.5,06:57,19.4,16:26,13.3,13.3,24,,,330020/2025/10,330020,2025,10,2025-10-04
5.0,7.1,07:41,16.7,17:11,11.4,11.4,24,,,330020/2025/10,330020,2025,10,2025-10-05
6.0,3.5,06:15,12.5,21:05,8.0,6.9,13,,,330020/2025/10,330020,2025,10,2025-10-06
